{
  "avgConsensusAPY": -9.617583454846972,
  "avgExecutionsAPY": 0.02449866484697195,
  "avgGrossAPY": -9.593084789999999
}