{
  "avgConsensusAPY": -6.3894778146495215,
  "avgExecutionsAPY": 0.018450916649519974,
  "avgGrossAPY": -6.371026898000001
}